{"v":"5.5.9","fr":30,"ip":0,"op":60,"w":96,"h":96,"nm":"Cart","ddd":0,"assets":[],"layers":[{"ddd":0,"ind":1,"ty":4,"nm":"Notifi","sr":1,"ks":{"o":{"a":1,"k":[{"i":{"x":[0.208],"y":[1]},"o":{"x":[0.696],"y":[0]},"t":5,"s":[0]},{"i":{"x":[0.833],"y":[1]},"o":{"x":[0.167],"y":[0]},"t":9,"s":[100]},{"i":{"x":[0.833],"y":[1]},"o":{"x":[0.167],"y":[0]},"t":43,"s":[100]},{"t":51,"s":[0]}],"ix":11},"r":{"a":0,"k":0,"ix":10},"p":{"a":1,"k":[{"i":{"x":0,"y":1},"o":{"x":0.346,"y":0},"t":5,"s":[49.458,9.486,0],"to":[0,2.419,0],"ti":[0,0,0]},{"i":{"x":0.854,"y":1},"o":{"x":0.659,"y":0},"t":13,"s":[49.458,24,0],"to":[0,0,0],"ti":[-17.124,-19.88,0]},{"i":{"x":0.833,"y":0.833},"o":{"x":0.167,"y":0},"t":25,"s":[77.458,21.486,0],"to":[-0.001,0.38,0],"ti":[0,0,0]},{"i":{"x":0.833,"y":0.833},"o":{"x":0.167,"y":0.167},"t":35,"s":[77.458,21.486,0],"to":[0,0,0],"ti":[-8.641,-8.914,0]},{"i":{"x":0.833,"y":0.833},"o":{"x":0.167,"y":0.167},"t":43,"s":[88.583,10.236,0],"to":[6.073,10.74,0],"ti":[3.824,4.92,0]},{"t":51,"s":[77.458,22.111,0]}],"ix":2},"a":{"a":0,"k":[1.458,-38.514,0],"ix":1},"s":{"a":1,"k":[{"i":{"x":[0.833,0.833,0.833],"y":[0.833,0.833,0.833]},"o":{"x":[0.167,0.167,0.167],"y":[0.167,0.167,0.167]},"t":35,"s":[100,100,100]},{"t":51,"s":[0,0,100]}],"ix":6}},"ao":0,"shapes":[{"ty":"gr","it":[{"d":1,"ty":"el","s":{"a":0,"k":[12,12],"ix":2},"p":{"a":0,"k":[0,0],"ix":3},"nm":"Ellipse Path 1","mn":"ADBE Vector Shape - Ellipse","hd":false},{"ty":"fl","c":{"a":0,"k":[0,0,0,1],"ix":4},"o":{"a":0,"k":100,"ix":5},"r":1,"bm":0,"nm":"Fill 1","mn":"ADBE Vector Graphic - Fill","hd":false},{"ty":"tr","p":{"a":0,"k":[1.458,-38.514],"ix":2},"a":{"a":0,"k":[0,0],"ix":1},"s":{"a":0,"k":[144.026,144.026],"ix":3},"r":{"a":0,"k":0,"ix":6},"o":{"a":0,"k":100,"ix":7},"sk":{"a":0,"k":0,"ix":4},"sa":{"a":0,"k":0,"ix":5},"nm":"Transform"}],"nm":"Ellipse 1","np":3,"cix":2,"bm":0,"ix":1,"mn":"ADBE Vector Group","hd":false}],"ip":0,"op":60,"st":0,"bm":0},{"ddd":0,"ind":2,"ty":4,"nm":"Inv Alpha","parent":1,"td":1,"sr":1,"ks":{"o":{"a":0,"k":100,"ix":11},"r":{"a":0,"k":0,"ix":10},"p":{"a":0,"k":[1.458,-38.514,0],"ix":2},"a":{"a":0,"k":[1.458,-38.514,0],"ix":1},"s":{"a":0,"k":[200,200,100],"ix":6}},"ao":0,"shapes":[{"ty":"gr","it":[{"d":1,"ty":"el","s":{"a":0,"k":[8.795,8.795],"ix":2},"p":{"a":0,"k":[0,0],"ix":3},"nm":"Ellipse Path 1","mn":"ADBE Vector Shape - Ellipse","hd":false},{"ty":"fl","c":{"a":0,"k":[0,0,0,1],"ix":4},"o":{"a":0,"k":100,"ix":5},"r":1,"bm":0,"nm":"Fill 1","mn":"ADBE Vector Graphic - Fill","hd":false},{"ty":"tr","p":{"a":0,"k":[1.458,-38.514],"ix":2},"a":{"a":0,"k":[0,0],"ix":1},"s":{"a":0,"k":[144.026,144.026],"ix":3},"r":{"a":0,"k":0,"ix":6},"o":{"a":0,"k":100,"ix":7},"sk":{"a":0,"k":0,"ix":4},"sa":{"a":0,"k":0,"ix":5},"nm":"Transform"}],"nm":"Ellipse 1","np":3,"cix":2,"bm":0,"ix":1,"mn":"ADBE Vector Group","hd":false}],"ip":22,"op":60,"st":0,"bm":0},{"ddd":0,"ind":3,"ty":4,"nm":"Cart body","tt":2,"sr":1,"ks":{"o":{"a":0,"k":100,"ix":11},"r":{"a":0,"k":0,"ix":10},"p":{"a":0,"k":[48,48,0],"ix":2},"a":{"a":0,"k":[0,0,0],"ix":1},"s":{"a":0,"k":[100,100,100],"ix":6}},"ao":0,"shapes":[{"ty":"gr","it":[{"ind":0,"ty":"sh","ix":1,"ks":{"a":1,"k":[{"i":{"x":0.833,"y":0.833},"o":{"x":0.167,"y":0.167},"t":6.333,"s":[{"i":[[0,0],[0,0],[0,0],[0,0],[0,0],[16.233,0],[0,0]],"o":[[0,0],[0,0],[0,0],[0,0],[0,0],[-8.378,0],[0,0]],"v":[[-30.545,-28.625],[-22.691,-28.625],[-22.691,10.473],[19.724,10.473],[27.753,-19.2],[2.095,-19.2],[-12.393,-19.2]],"c":false}]},{"i":{"x":0.833,"y":0.833},"o":{"x":0.167,"y":0.167},"t":10.333,"s":[{"i":[[0,0],[0,0],[0,0],[0,0],[0,0],[7.905,0],[0,0]],"o":[[0,0],[0,0],[0,0],[0,0],[0,0],[-8.378,0],[0,0]],"v":[[-30.545,-28.625],[-22.691,-28.625],[-22.691,10.473],[19.724,10.473],[27.753,-19.2],[2.095,-13.336],[-12.393,-19.2]],"c":false}]},{"i":{"x":0.833,"y":0.833},"o":{"x":0.167,"y":0.167},"t":15.667,"s":[{"i":[[0,0],[0,0],[0,0],[0,0],[0,0],[10.811,0],[0,0]],"o":[[0,0],[0,0],[0,0],[0,0],[0,0],[-8.378,0],[0,0]],"v":[[-30.545,-28.625],[-22.691,-28.625],[-22.691,10.473],[19.724,10.473],[27.753,-19.2],[2.189,-13.836],[-12.393,-19.2]],"c":false}]},{"i":{"x":0.833,"y":0.833},"o":{"x":0.167,"y":0.167},"t":19.667,"s":[{"i":[[0,0],[0,0],[0,0],[0,0],[0,0],[16.233,0],[0,0]],"o":[[0,0],[0,0],[0,0],[0,0],[0,0],[-8.378,0],[0,0]],"v":[[-30.545,-28.625],[-22.691,-28.625],[-22.691,10.473],[19.724,10.473],[27.753,-19.2],[2.095,-21.12],[-12.393,-19.2]],"c":false}]},{"t":22.3330078125,"s":[{"i":[[0,0],[0,0],[0,0],[0,0],[0,0],[16.233,0],[0,0]],"o":[[0,0],[0,0],[0,0],[0,0],[0,0],[-8.378,0],[0,0]],"v":[[-30.545,-28.625],[-22.691,-28.625],[-22.691,10.473],[19.724,10.473],[27.753,-19.2],[2.095,-19.2],[-12.393,-19.2]],"c":false}]}],"ix":2},"nm":"Path 1","mn":"ADBE Vector Shape - Group","hd":false},{"ty":"st","c":{"a":0,"k":[0,0,0,1],"ix":3},"o":{"a":0,"k":100,"ix":4},"w":{"a":0,"k":6,"ix":5},"lc":2,"lj":2,"bm":0,"nm":"Stroke 1","mn":"ADBE Vector Graphic - Stroke","hd":false},{"ty":"tr","p":{"a":0,"k":[0,0],"ix":2},"a":{"a":0,"k":[0,0],"ix":1},"s":{"a":0,"k":[100,100],"ix":3},"r":{"a":0,"k":0,"ix":6},"o":{"a":0,"k":100,"ix":7},"sk":{"a":0,"k":0,"ix":4},"sa":{"a":0,"k":0,"ix":5},"nm":"Transform"}],"nm":"Shape 1","np":3,"cix":2,"bm":0,"ix":1,"mn":"ADBE Vector Group","hd":false}],"ip":0,"op":60,"st":0,"bm":0},{"ddd":0,"ind":4,"ty":4,"nm":"Cart legs","sr":1,"ks":{"o":{"a":0,"k":100,"ix":11},"r":{"a":0,"k":0,"ix":10},"p":{"a":0,"k":[48,48,0],"ix":2},"a":{"a":0,"k":[10.5,10.5,0],"ix":1},"s":{"a":0,"k":[300,300,100],"ix":6}},"ao":0,"shapes":[{"ty":"gr","it":[{"ind":0,"ty":"sh","ix":1,"ks":{"a":0,"k":{"i":[[1.105,0],[0,1.105],[-1.105,0],[0,-1.105]],"o":[[-1.105,0],[0,-1.105],[1.105,0],[0,1.105]],"v":[[-6.5,10.5],[-8.5,8.5],[-6.5,6.5],[-4.5,8.5]],"c":true},"ix":2},"nm":"Path 3","mn":"ADBE Vector Shape - Group","hd":false},{"ind":1,"ty":"sh","ix":2,"ks":{"a":0,"k":{"i":[[1.105,0],[0,1.105],[-1.105,0],[0,-1.105]],"o":[[-1.105,0],[0,-1.105],[1.105,0],[0,1.105]],"v":[[5.5,10.5],[3.5,8.5],[5.5,6.5],[7.5,8.5]],"c":true},"ix":2},"nm":"Path 4","mn":"ADBE Vector Shape - Group","hd":false},{"ty":"fl","c":{"a":0,"k":[0,0,0,1],"ix":4},"o":{"a":0,"k":100,"ix":5},"r":1,"bm":0,"nm":"Fill 1","mn":"ADBE Vector Graphic - Fill","hd":false},{"ty":"tr","p":{"a":0,"k":[10.5,10.5],"ix":2},"a":{"a":0,"k":[0,0],"ix":1},"s":{"a":0,"k":[100,100],"ix":3},"r":{"a":0,"k":0,"ix":6},"o":{"a":0,"k":100,"ix":7},"sk":{"a":0,"k":0,"ix":4},"sa":{"a":0,"k":0,"ix":5},"nm":"Transform"}],"nm":"Group 1","np":3,"cix":2,"bm":0,"ix":1,"mn":"ADBE Vector Group","hd":false}],"ip":0,"op":60,"st":0,"bm":0}],"markers":[]}