{"v":"5.5.7","meta":{"g":"LottieFiles AE 0.1.20","a":"","k":"","d":"","tc":""},"fr":30,"ip":0,"op":60,"w":50,"h":50,"nm":"Grid and List","ddd":0,"assets":[],"layers":[{"ddd":0,"ind":1,"ty":4,"nm":"Box1 Outlines","sr":1,"ks":{"o":{"a":0,"k":100,"ix":11},"r":{"a":0,"k":0,"ix":10},"p":{"a":1,"k":[{"i":{"x":0.32,"y":1},"o":{"x":0.68,"y":0},"t":16,"s":[17.5,17.5,0],"to":[1.542,47.25,0],"ti":[48.708,-8.75,0]},{"t":52,"s":[14.249999999999998,14.000000000000002,0],"h":1},{"t":53,"s":[14.249999999999998,14.000000000000002,0],"h":1},{"i":{"x":0.32,"y":0.32},"o":{"x":0.167,"y":0.167},"t":92,"s":[14.249999999999998,14.000000000000002,0],"to":[0,0,0],"ti":[0,0,0]},{"i":{"x":0.32,"y":1},"o":{"x":0.68,"y":0},"t":93,"s":[14.249999999999998,14.000000000000002,0],"to":[0,0,0],"ti":[-0.155,-2.328,0]},{"t":122.000004969162,"s":[17.5,17.5,0]}],"ix":2},"a":{"a":0,"k":[5.75,5.75,0],"ix":1},"s":{"a":1,"k":[{"i":{"x":[0.32,0.32,0.32],"y":[1,1,1]},"o":{"x":[0.68,0.68,0.68],"y":[0,0,0]},"t":16,"s":[100,100,100]},{"i":{"x":[0.833,0.833,0.833],"y":[1,1,1]},"o":{"x":[0.167,0.167,0.167],"y":[0,0,0]},"t":52,"s":[36,36,100]},{"i":{"x":[0.833,0.833,0.833],"y":[0.833,0.833,0.833]},"o":{"x":[0.167,0.167,0.167],"y":[0.167,0.167,0.167]},"t":53,"s":[36,36,100]},{"i":{"x":[0.32,0.32,0.32],"y":[1,1,1]},"o":{"x":[0.167,0.167,0.167],"y":[0,0,0]},"t":92,"s":[36,36,100]},{"i":{"x":[0.32,0.32,0.32],"y":[1,1,1]},"o":{"x":[0.68,0.68,0.68],"y":[0,0,0]},"t":93,"s":[36,36,100]},{"t":122.000004969162,"s":[100,100,100]}],"ix":6}},"ao":0,"shapes":[{"ty":"gr","it":[{"ind":0,"ty":"sh","ix":1,"ks":{"a":0,"k":{"i":[[1.65,0],[0,0],[0,1.65],[0,0],[-1.65,0],[0,0],[0,-1.65],[0,0]],"o":[[0,0],[-1.65,0],[0,0],[0,-1.65],[0,0],[1.65,0],[0,0],[0,1.65]],"v":[[2.5,5.5],[-2.5,5.5],[-5.5,2.5],[-5.5,-2.5],[-2.5,-5.5],[2.5,-5.5],[5.5,-2.5],[5.5,2.5]],"c":true},"ix":2},"nm":"Path 1","mn":"ADBE Vector Shape - Group","hd":false},{"ty":"fl","c":{"a":0,"k":[0,0,0,1],"ix":4},"o":{"a":0,"k":100,"ix":5},"r":1,"bm":0,"nm":"Fill 1","mn":"ADBE Vector Graphic - Fill","hd":false},{"ty":"tr","p":{"a":0,"k":[5.75,5.75],"ix":2},"a":{"a":0,"k":[0,0],"ix":1},"s":{"a":0,"k":[100,100],"ix":3},"r":{"a":0,"k":0,"ix":6},"o":{"a":0,"k":100,"ix":7},"sk":{"a":0,"k":0,"ix":4},"sa":{"a":0,"k":0,"ix":5},"nm":"Transform"}],"nm":"Group 1","np":2,"cix":2,"bm":0,"ix":1,"mn":"ADBE Vector Group","hd":false}],"ip":0,"op":150.000006109625,"st":0,"bm":0},{"ddd":0,"ind":2,"ty":4,"nm":"Box2 Outlines","sr":1,"ks":{"o":{"a":0,"k":100,"ix":11},"r":{"a":0,"k":0,"ix":10},"p":{"a":1,"k":[{"i":{"x":0.32,"y":1},"o":{"x":0.68,"y":0},"t":18,"s":[17.5,32.5,0],"to":[24.068,32.906,0],"ti":[40.839,-5.375,0]},{"t":54,"s":[14.249999999999998,21.062,0],"h":1},{"t":55,"s":[14.249999999999998,21.062,0],"h":1},{"i":{"x":0.31,"y":0.31},"o":{"x":0.167,"y":0.167},"t":92,"s":[14.249999999999998,21.062,0],"to":[0,0,0],"ti":[0,0,0]},{"i":{"x":0.31,"y":1},"o":{"x":0.69,"y":0},"t":93,"s":[14.249999999999998,21.062,0],"to":[0,0,0],"ti":[-1.132,-1.548,0]},{"t":122.000004969162,"s":[17.5,32.5,0]}],"ix":2},"a":{"a":0,"k":[5.75,5.75,0],"ix":1},"s":{"a":1,"k":[{"i":{"x":[0.32,0.32,0.32],"y":[1,1,1]},"o":{"x":[0.68,0.68,0.68],"y":[0,0,0]},"t":18,"s":[100,100,100]},{"i":{"x":[0.833,0.833,0.833],"y":[1,1,1]},"o":{"x":[0.167,0.167,0.167],"y":[0,0,0]},"t":54,"s":[36,36,100]},{"i":{"x":[0.833,0.833,0.833],"y":[0.833,0.833,0.833]},"o":{"x":[0.167,0.167,0.167],"y":[0.167,0.167,0.167]},"t":55,"s":[36,36,100]},{"i":{"x":[0.31,0.31,0.31],"y":[1,1,1]},"o":{"x":[0.167,0.167,0.167],"y":[0,0,0]},"t":92,"s":[36,36,100]},{"i":{"x":[0.31,0.31,0.31],"y":[1,1,1]},"o":{"x":[0.69,0.69,0.69],"y":[0,0,0]},"t":93,"s":[36,36,100]},{"t":122.000004969162,"s":[100,100,100]}],"ix":6}},"ao":0,"shapes":[{"ty":"gr","it":[{"ind":0,"ty":"sh","ix":1,"ks":{"a":0,"k":{"i":[[1.65,0],[0,0],[0,1.65],[0,0],[-1.65,0],[0,0],[0,-1.65],[0,0]],"o":[[0,0],[-1.65,0],[0,0],[0,-1.65],[0,0],[1.65,0],[0,0],[0,1.65]],"v":[[2.5,5.5],[-2.5,5.5],[-5.5,2.5],[-5.5,-2.5],[-2.5,-5.5],[2.5,-5.5],[5.5,-2.5],[5.5,2.5]],"c":true},"ix":2},"nm":"Path 1","mn":"ADBE Vector Shape - Group","hd":false},{"ty":"fl","c":{"a":0,"k":[0,0,0,1],"ix":4},"o":{"a":0,"k":100,"ix":5},"r":1,"bm":0,"nm":"Fill 1","mn":"ADBE Vector Graphic - Fill","hd":false},{"ty":"tr","p":{"a":0,"k":[5.75,5.75],"ix":2},"a":{"a":0,"k":[0,0],"ix":1},"s":{"a":0,"k":[100,100],"ix":3},"r":{"a":0,"k":0,"ix":6},"o":{"a":0,"k":100,"ix":7},"sk":{"a":0,"k":0,"ix":4},"sa":{"a":0,"k":0,"ix":5},"nm":"Transform"}],"nm":"Group 1","np":2,"cix":2,"bm":0,"ix":1,"mn":"ADBE Vector Group","hd":false}],"ip":0,"op":150.000006109625,"st":0,"bm":0},{"ddd":0,"ind":3,"ty":4,"nm":"Box3 Outlines","sr":1,"ks":{"o":{"a":0,"k":100,"ix":11},"r":{"a":0,"k":0,"ix":10},"p":{"a":1,"k":[{"i":{"x":0.32,"y":1},"o":{"x":0.68,"y":0},"t":20,"s":[32.5,32.5,0],"to":[-0.073,-3.323,0],"ti":[13.948,-2.052,0]},{"t":56,"s":[14.249999999999998,28.687999999999995,0],"h":1},{"t":57,"s":[14.249999999999998,28.687999999999995,0],"h":1},{"i":{"x":0.31,"y":0.31},"o":{"x":0.167,"y":0.167},"t":92,"s":[14.249999999999998,28.687999999999995,0],"to":[0,0,0],"ti":[0,0,0]},{"i":{"x":0.31,"y":1},"o":{"x":0.69,"y":0},"t":93,"s":[14.249999999999998,28.687999999999995,0],"to":[0,0,0],"ti":[-6.064,9.021,0]},{"t":122.000004969162,"s":[32.5,32.5,0]}],"ix":2},"a":{"a":0,"k":[5.75,5.75,0],"ix":1},"s":{"a":1,"k":[{"i":{"x":[0.32,0.32,0.32],"y":[1,1,1]},"o":{"x":[0.68,0.68,0.68],"y":[0,0,0]},"t":20,"s":[100,100,100]},{"i":{"x":[0.833,0.833,0.833],"y":[1,1,1]},"o":{"x":[0.167,0.167,0.167],"y":[0,0,0]},"t":56,"s":[36,36,100]},{"i":{"x":[0.833,0.833,0.833],"y":[0.833,0.833,0.833]},"o":{"x":[0.167,0.167,0.167],"y":[0.167,0.167,0.167]},"t":57,"s":[36,36,100]},{"i":{"x":[0.31,0.31,0.31],"y":[1,1,1]},"o":{"x":[0.167,0.167,0.167],"y":[0,0,0]},"t":92,"s":[36,36,100]},{"i":{"x":[0.31,0.31,0.31],"y":[1,1,1]},"o":{"x":[0.69,0.69,0.69],"y":[0,0,0]},"t":93,"s":[36,36,100]},{"t":122.000004969162,"s":[100,100,100]}],"ix":6}},"ao":0,"shapes":[{"ty":"gr","it":[{"ind":0,"ty":"sh","ix":1,"ks":{"a":0,"k":{"i":[[1.65,0],[0,0],[0,1.65],[0,0],[-1.65,0],[0,0],[0,-1.65],[0,0]],"o":[[0,0],[-1.65,0],[0,0],[0,-1.65],[0,0],[1.65,0],[0,0],[0,1.65]],"v":[[2.5,5.5],[-2.5,5.5],[-5.5,2.5],[-5.5,-2.5],[-2.5,-5.5],[2.5,-5.5],[5.5,-2.5],[5.5,2.5]],"c":true},"ix":2},"nm":"Path 1","mn":"ADBE Vector Shape - Group","hd":false},{"ty":"fl","c":{"a":0,"k":[0,0,0,1],"ix":4},"o":{"a":0,"k":100,"ix":5},"r":1,"bm":0,"nm":"Fill 1","mn":"ADBE Vector Graphic - Fill","hd":false},{"ty":"tr","p":{"a":0,"k":[5.75,5.75],"ix":2},"a":{"a":0,"k":[0,0],"ix":1},"s":{"a":0,"k":[100,100],"ix":3},"r":{"a":0,"k":0,"ix":6},"o":{"a":0,"k":100,"ix":7},"sk":{"a":0,"k":0,"ix":4},"sa":{"a":0,"k":0,"ix":5},"nm":"Transform"}],"nm":"Group 1","np":2,"cix":2,"bm":0,"ix":1,"mn":"ADBE Vector Group","hd":false}],"ip":0,"op":150.000006109625,"st":0,"bm":0},{"ddd":0,"ind":4,"ty":4,"nm":"Box4 Outlines","sr":1,"ks":{"o":{"a":0,"k":100,"ix":11},"r":{"a":0,"k":0,"ix":10},"p":{"a":1,"k":[{"i":{"x":0.31,"y":1},"o":{"x":0.69,"y":0},"t":22,"s":[32.5,17.5,0],"to":[-15.708,-0.198,0],"ti":[-0.354,-13.865,0]},{"t":58,"s":[14.249999999999998,36.188,0],"h":1},{"t":59,"s":[14.249999999999998,36.188,0],"h":1},{"i":{"x":0.31,"y":0.31},"o":{"x":0.167,"y":0.167},"t":92,"s":[14.249999999999998,36.188,0],"to":[0,0,0],"ti":[0,0,0]},{"i":{"x":0.31,"y":1},"o":{"x":0.69,"y":0},"t":93,"s":[14.249999999999998,36.188,0],"to":[0,0,0],"ti":[1.461,20.926,0]},{"t":122.000004969162,"s":[32.5,17.5,0]}],"ix":2},"a":{"a":0,"k":[5.75,5.75,0],"ix":1},"s":{"a":1,"k":[{"i":{"x":[0.31,0.31,0.31],"y":[1,1,1]},"o":{"x":[0.69,0.69,0.69],"y":[0,0,0]},"t":22,"s":[100,100,100]},{"i":{"x":[0.833,0.833,0.833],"y":[1,1,1]},"o":{"x":[0.167,0.167,0.167],"y":[0,0,0]},"t":58,"s":[36,36,100]},{"i":{"x":[0.833,0.833,0.833],"y":[0.833,0.833,0.833]},"o":{"x":[0.167,0.167,0.167],"y":[0.167,0.167,0.167]},"t":59,"s":[36,36,100]},{"i":{"x":[0.31,0.31,0.31],"y":[1,1,1]},"o":{"x":[0.167,0.167,0.167],"y":[0,0,0]},"t":92,"s":[36,36,100]},{"i":{"x":[0.31,0.31,0.31],"y":[1,1,1]},"o":{"x":[0.69,0.69,0.69],"y":[0,0,0]},"t":93,"s":[36,36,100]},{"t":122.000004969162,"s":[100,100,100]}],"ix":6}},"ao":0,"shapes":[{"ty":"gr","it":[{"ind":0,"ty":"sh","ix":1,"ks":{"a":0,"k":{"i":[[1.65,0],[0,0],[0,1.65],[0,0],[-1.65,0],[0,0],[0,-1.65],[0,0]],"o":[[0,0],[-1.65,0],[0,0],[0,-1.65],[0,0],[1.65,0],[0,0],[0,1.65]],"v":[[2.5,5.5],[-2.5,5.5],[-5.5,2.5],[-5.5,-2.5],[-2.5,-5.5],[2.5,-5.5],[5.5,-2.5],[5.5,2.5]],"c":true},"ix":2},"nm":"Path 1","mn":"ADBE Vector Shape - Group","hd":false},{"ty":"fl","c":{"a":0,"k":[0,0,0,1],"ix":4},"o":{"a":0,"k":100,"ix":5},"r":1,"bm":0,"nm":"Fill 1","mn":"ADBE Vector Graphic - Fill","hd":false},{"ty":"tr","p":{"a":0,"k":[5.75,5.75],"ix":2},"a":{"a":0,"k":[0,0],"ix":1},"s":{"a":0,"k":[100,100],"ix":3},"r":{"a":0,"k":0,"ix":6},"o":{"a":0,"k":100,"ix":7},"sk":{"a":0,"k":0,"ix":4},"sa":{"a":0,"k":0,"ix":5},"nm":"Transform"}],"nm":"Group 1","np":2,"cix":2,"bm":0,"ix":1,"mn":"ADBE Vector Group","hd":false}],"ip":0,"op":150.000006109625,"st":0,"bm":0},{"ddd":0,"ind":5,"ty":4,"nm":"Line1 Outlines","sr":1,"ks":{"o":{"a":1,"k":[{"i":{"x":[0.31],"y":[1]},"o":{"x":[0.69],"y":[0]},"t":99,"s":[100]},{"t":122.000004969162,"s":[0]}],"ix":11},"r":{"a":0,"k":0,"ix":10},"p":{"a":0,"k":[28.249999999999996,14.000000000000002,0],"ix":2},"a":{"a":0,"k":[10.5,1.5,0],"ix":1},"s":{"a":0,"k":[100,100,100],"ix":6}},"ao":0,"shapes":[{"ty":"gr","it":[{"ind":0,"ty":"sh","ix":1,"ks":{"a":0,"k":{"i":[[0,0],[0,0]],"o":[[0,0],[0,0]],"v":[[1.5,1.5],[19.5,1.5]],"c":false},"ix":2},"nm":"Path 1","mn":"ADBE Vector Shape - Group","hd":false},{"ty":"st","c":{"a":0,"k":[0,0,0,1],"ix":3},"o":{"a":0,"k":100,"ix":4},"w":{"a":0,"k":3,"ix":5},"lc":2,"lj":1,"ml":10,"bm":0,"nm":"Stroke 1","mn":"ADBE Vector Graphic - Stroke","hd":false},{"ty":"tr","p":{"a":0,"k":[0,0],"ix":2},"a":{"a":0,"k":[0,0],"ix":1},"s":{"a":0,"k":[100,100],"ix":3},"r":{"a":0,"k":0,"ix":6},"o":{"a":0,"k":100,"ix":7},"sk":{"a":0,"k":0,"ix":4},"sa":{"a":0,"k":0,"ix":5},"nm":"Transform"}],"nm":"Group 1","np":2,"cix":2,"bm":0,"ix":1,"mn":"ADBE Vector Group","hd":false},{"ty":"tm","s":{"a":1,"k":[{"i":{"x":[0.31],"y":[1]},"o":{"x":[0.167],"y":[0.062]},"t":39,"s":[100]},{"i":{"x":[0.31],"y":[1]},"o":{"x":[0.167],"y":[0]},"t":52,"s":[0]},{"i":{"x":[0.31],"y":[1]},"o":{"x":[0.69],"y":[0]},"t":99,"s":[0]},{"t":122.000004969162,"s":[100]}],"ix":1},"e":{"a":0,"k":100,"ix":2},"o":{"a":0,"k":0,"ix":3},"m":1,"ix":2,"nm":"Trim Paths 1","mn":"ADBE Vector Filter - Trim","hd":false}],"ip":0,"op":150.000006109625,"st":0,"bm":0},{"ddd":0,"ind":6,"ty":4,"nm":"Line 2 Outlines","sr":1,"ks":{"o":{"a":1,"k":[{"i":{"x":[0.31],"y":[1]},"o":{"x":[0.69],"y":[0]},"t":97,"s":[100]},{"t":120.0000048877,"s":[0]}],"ix":11},"r":{"a":0,"k":0,"ix":10},"p":{"a":0,"k":[28.249999999999996,21.333,0],"ix":2},"a":{"a":0,"k":[10.5,1.5,0],"ix":1},"s":{"a":0,"k":[100,100,100],"ix":6}},"ao":0,"shapes":[{"ty":"gr","it":[{"ind":0,"ty":"sh","ix":1,"ks":{"a":0,"k":{"i":[[0,0],[0,0]],"o":[[0,0],[0,0]],"v":[[1.5,1.5],[19.5,1.5]],"c":false},"ix":2},"nm":"Path 1","mn":"ADBE Vector Shape - Group","hd":false},{"ty":"st","c":{"a":0,"k":[0,0,0,1],"ix":3},"o":{"a":0,"k":100,"ix":4},"w":{"a":0,"k":3,"ix":5},"lc":2,"lj":1,"ml":10,"bm":0,"nm":"Stroke 1","mn":"ADBE Vector Graphic - Stroke","hd":false},{"ty":"tr","p":{"a":0,"k":[0,0],"ix":2},"a":{"a":0,"k":[0,0],"ix":1},"s":{"a":0,"k":[100,100],"ix":3},"r":{"a":0,"k":0,"ix":6},"o":{"a":0,"k":100,"ix":7},"sk":{"a":0,"k":0,"ix":4},"sa":{"a":0,"k":0,"ix":5},"nm":"Transform"}],"nm":"Group 1","np":2,"cix":2,"bm":0,"ix":1,"mn":"ADBE Vector Group","hd":false},{"ty":"tm","s":{"a":1,"k":[{"i":{"x":[0.31],"y":[1]},"o":{"x":[0.167],"y":[0.062]},"t":41,"s":[100]},{"i":{"x":[0.31],"y":[1]},"o":{"x":[0.167],"y":[0]},"t":54,"s":[0]},{"i":{"x":[0.31],"y":[1]},"o":{"x":[0.69],"y":[0]},"t":97,"s":[0]},{"t":120.0000048877,"s":[100]}],"ix":1},"e":{"a":0,"k":100,"ix":2},"o":{"a":0,"k":0,"ix":3},"m":1,"ix":2,"nm":"Trim Paths 1","mn":"ADBE Vector Filter - Trim","hd":false}],"ip":0,"op":150.000006109625,"st":0,"bm":0},{"ddd":0,"ind":7,"ty":4,"nm":"Line 3 Outlines","sr":1,"ks":{"o":{"a":1,"k":[{"i":{"x":[0.31],"y":[1]},"o":{"x":[0.69],"y":[0]},"t":95,"s":[100]},{"t":118.000004806239,"s":[0]}],"ix":11},"r":{"a":0,"k":0,"ix":10},"p":{"a":0,"k":[28.249999999999996,28.667000000000005,0],"ix":2},"a":{"a":0,"k":[10.5,1.5,0],"ix":1},"s":{"a":0,"k":[100,100,100],"ix":6}},"ao":0,"shapes":[{"ty":"gr","it":[{"ind":0,"ty":"sh","ix":1,"ks":{"a":0,"k":{"i":[[0,0],[0,0]],"o":[[0,0],[0,0]],"v":[[1.5,1.5],[19.5,1.5]],"c":false},"ix":2},"nm":"Path 1","mn":"ADBE Vector Shape - Group","hd":false},{"ty":"st","c":{"a":0,"k":[0,0,0,1],"ix":3},"o":{"a":0,"k":100,"ix":4},"w":{"a":0,"k":3,"ix":5},"lc":2,"lj":1,"ml":10,"bm":0,"nm":"Stroke 1","mn":"ADBE Vector Graphic - Stroke","hd":false},{"ty":"tr","p":{"a":0,"k":[0,0],"ix":2},"a":{"a":0,"k":[0,0],"ix":1},"s":{"a":0,"k":[100,100],"ix":3},"r":{"a":0,"k":0,"ix":6},"o":{"a":0,"k":100,"ix":7},"sk":{"a":0,"k":0,"ix":4},"sa":{"a":0,"k":0,"ix":5},"nm":"Transform"}],"nm":"Group 1","np":2,"cix":2,"bm":0,"ix":1,"mn":"ADBE Vector Group","hd":false},{"ty":"tm","s":{"a":1,"k":[{"i":{"x":[0.31],"y":[1]},"o":{"x":[0.167],"y":[0.062]},"t":43,"s":[100]},{"i":{"x":[0.31],"y":[1]},"o":{"x":[0.167],"y":[0]},"t":56,"s":[0]},{"i":{"x":[0.31],"y":[1]},"o":{"x":[0.69],"y":[0]},"t":95,"s":[0]},{"t":118.000004806239,"s":[100]}],"ix":1},"e":{"a":0,"k":100,"ix":2},"o":{"a":0,"k":0,"ix":3},"m":1,"ix":2,"nm":"Trim Paths 1","mn":"ADBE Vector Filter - Trim","hd":false}],"ip":0,"op":150.000006109625,"st":0,"bm":0},{"ddd":0,"ind":8,"ty":4,"nm":"Line 4 Outlines","sr":1,"ks":{"o":{"a":1,"k":[{"i":{"x":[0.31],"y":[1]},"o":{"x":[0.69],"y":[0]},"t":93,"s":[100]},{"t":116.000004724777,"s":[0]}],"ix":11},"r":{"a":0,"k":0,"ix":10},"p":{"a":0,"k":[28.249999999999996,36,0],"ix":2},"a":{"a":0,"k":[10.5,1.5,0],"ix":1},"s":{"a":0,"k":[100,100,100],"ix":6}},"ao":0,"shapes":[{"ty":"gr","it":[{"ind":0,"ty":"sh","ix":1,"ks":{"a":0,"k":{"i":[[0,0],[0,0]],"o":[[0,0],[0,0]],"v":[[1.5,1.5],[19.5,1.5]],"c":false},"ix":2},"nm":"Path 1","mn":"ADBE Vector Shape - Group","hd":false},{"ty":"st","c":{"a":0,"k":[0,0,0,1],"ix":3},"o":{"a":0,"k":100,"ix":4},"w":{"a":0,"k":3,"ix":5},"lc":2,"lj":1,"ml":10,"bm":0,"nm":"Stroke 1","mn":"ADBE Vector Graphic - Stroke","hd":false},{"ty":"tr","p":{"a":0,"k":[0,0],"ix":2},"a":{"a":0,"k":[0,0],"ix":1},"s":{"a":0,"k":[100,100],"ix":3},"r":{"a":0,"k":0,"ix":6},"o":{"a":0,"k":100,"ix":7},"sk":{"a":0,"k":0,"ix":4},"sa":{"a":0,"k":0,"ix":5},"nm":"Transform"}],"nm":"Group 1","np":2,"cix":2,"bm":0,"ix":1,"mn":"ADBE Vector Group","hd":false},{"ty":"tm","s":{"a":1,"k":[{"i":{"x":[0.31],"y":[1]},"o":{"x":[0.167],"y":[0.062]},"t":45,"s":[100]},{"i":{"x":[0.31],"y":[1]},"o":{"x":[0.167],"y":[0]},"t":58,"s":[0]},{"i":{"x":[0.31],"y":[1]},"o":{"x":[0.69],"y":[0]},"t":93,"s":[0]},{"t":116.000004724777,"s":[100]}],"ix":1},"e":{"a":0,"k":100,"ix":2},"o":{"a":0,"k":0,"ix":3},"m":1,"ix":2,"nm":"Trim Paths 1","mn":"ADBE Vector Filter - Trim","hd":false}],"ip":0,"op":150.000006109625,"st":0,"bm":0},{"ddd":0,"ind":9,"ty":4,"nm":"BG","sr":1,"ks":{"o":{"a":0,"k":100,"ix":11},"r":{"a":0,"k":0,"ix":10},"p":{"a":0,"k":[25,25,0],"ix":2},"a":{"a":0,"k":[0,0,0],"ix":1},"s":{"a":0,"k":[100,100,100],"ix":6}},"ao":0,"shapes":[{"ty":"rc","d":1,"s":{"a":0,"k":[46,46],"ix":2},"p":{"a":0,"k":[0,0],"ix":3},"r":{"a":0,"k":9,"ix":4},"nm":"Rectangle Path 1","mn":"ADBE Vector Shape - Rect","hd":false},{"ty":"fl","c":{"a":0,"k":[1,1,1,1],"ix":4},"o":{"a":0,"k":100,"ix":5},"r":1,"bm":0,"nm":"Fill 1","mn":"ADBE Vector Graphic - Fill","hd":false}],"ip":150.000006109625,"op":150.000006109625,"st":0,"bm":0,"hidden":0}],"markers":[]}