{
  "project_info": {
    "project_number": "252045234483",
    "project_id": "ciyashop14oct",
    "storage_bucket": "ciyashop14oct.appspot.com"
  },
  "client": [
    {
      "client_info": {
        "mobilesdk_app_id": "1:252045234483:android:a7f497eb2dbf4bebfc6e46",
        "android_client_info": {
          "package_name": "com.example.ciyashop"
        }
      },
      "oauth_client": [
        {
          "client_id": "252045234483-7uavv7350h433tusg5ilhonkv8qbrf4m.apps.googleusercontent.com",
          "client_type": 1,
          "android_info": {
            "package_name": "com.example.ciyashop",
            "certificate_hash": "c2647ba9746141eaf92398932484b67e2186c4a9"
          }
        },
        {
          "client_id": "252045234483-m7hsfm5defvo2kad33me7c3e7rk2jh38.apps.googleusercontent.com",
          "client_type": 3
        }
      ],
      "api_key": [
        {
          "current_key": "AIzaSyAs_prpMBomxpIdyA8frm_gK5rmwp6-wec"
        }
      ],
      "services": {
        "appinvite_service": {
          "other_platform_oauth_client": [
            {
              "client_id": "252045234483-m7hsfm5defvo2kad33me7c3e7rk2jh38.apps.googleusercontent.com",
              "client_type": 3
            }
          ]
        }
      }
    }
  ],
  "configuration_version": "1"
}